{"function": [
    {
    "file_name": "pre_cool_classroom.py",
    "parameters":"Room1 temperature",
    "sched_in_future" : "0",
    "start_date": "5",
    "start_month": "3", 
    "start_year": "2020", 
    "sched_day": ["THU"],
    
    "sched_only_between" : "1",
    "start_hour": "15", 
    "start_min": "42", 
    "start_sec": "00",
    "end_hour": "15", 
    "end_min": "44", 
    "end_sec": "10",
    
    "sched_once_at_time_flag" : "0",
    "sched_at":{
        "hour":"19",
        "minute":"05",
        "second":"5"
    } ,

    "sched_at_intervals_flag" : "0",
    "interval_hours": "0",
    "interval_minutes": "0", 
    "interval_seconds": "3",

    "logging": "on",
    "retry": "on",
    "Maximum_number_of_retries": "5", 
    "Backoff_scheme": "default"}
    ]
}
