{"function": [
    {                
    "usecase_name": "Illegal Access",
    "parameters":"Room1 binary_door_step",
    "email_address":"prakashecdrid@gmail.com",
    "sched_in_future" : "0",
    "start_date": "5",
    "start_month": "3", 
    "start_year": "2020", 
    "sched_day": ["THU"],
    
    "sched_only_between" : "0",
    "start_hour": "15", 
    "start_min": "42", 
    "start_sec": "00",
    "end_hour": "15", 
    "end_min": "44", 
    "end_sec": "10",
    "days":["Monday","Tuesday"],
    
    "sched_once_at_time_flag" : "0",
    "sched_at":{
        "hour":"19",
        "minute":"05",
        "second":"5"
    } ,

    "sched_at_intervals_flag" : "1",
    "interval_hours": "0",
    "interval_minutes": "5", 
    "interval_seconds": "0",
    "idays":["Monday","Tuesday","Wednesday","Thursday","Friday","Saturday","Sunday"],
    "istart_hour": "00", 
    "istart_min": "00", 
    "istart_sec": "00",
    "iend_hour": "23", 
    "iend_min": "59", 
    "iend_sec": "59",

    "logging": "on",
    "retry": "on",
    "Maximum_number_of_retries": "5", 
    "Backoff_scheme": "default"}
    ]
}
